Video games,Guitar,Plants,Outdoors,Skiing,Technology,Nature,Photography,Piano,Cooking,Sailing,Basketball,Game development,Going to bars,Friends,Kayaking,Design,Sports,VR,Programming,Windsurfing,UX,Music,Reading,Politics,Hiking,Movies,Football,Wargaming,Board games,Youtube,TV series,Stock market,Art,Dancing,Twitter,Learning,3D printing,Web development,Ultimate frisbee,Gardening,Workout,Tennis,Languages,Artificial intelligence,CS:GO,Handball,Golf,Yoga,Pen-and-paper role playing games,Swimming,Gym,Painting,Coffee,Badminton,Hanging out,Cats,Running,Traveling,Knitting,Baking,Drawing,Crafting,Climbing
Gandabldore,Senjougahara,PorcupineLover1337,SuperstitiousOtter,glas444,loooh,Gandabldore,Senjougahara,wagame,SuperstitiousOtter,glas444,Gandabldore,Senjougahara,wagame,Ravagers,fvmlrvgj,Gandabldore,Björky,loooh,Moony04,fvmlrvgj,Gandabldore,Björky,loooh,Moony04,fvmlrvgj,Appa,Sthlm,C3I2,sentient_polyhedron,Frog,Appa,Sthlm,Ravagers,sentient_polyhedron,wagame,Appa,Baby Yoda (Grogu),Anchovy,sentient_polyhedron,KusinVitamin,Ravagers,Baby Yoda (Grogu),,sentient_polyhedron,Rouy Saila,Ravagers,Baby Yoda (Grogu),Anchovy,Rani,Xiao,Ravagers,PorcupineLover1337,Anchovy,Kpmsd,Ravagers,PorcupineLover1337,Jaskier,dez2pacito,Jaskier,Snowflake,Jaskier,Snowflake,gherkin
Ravagers,Manama Jeff,,,KusinVitamin,glas444,,Moony04,Supporter24,Snowflake,,Baby Yoda (Grogu),Oliver Queen,,wagame,dez2pacito,Baby Yoda (Grogu),Xiao,,Rouy Saila,,,dorp,Jaskier,,_no_one_,Sthlm,,,Supporter24,Rouy Saila,,,Anchovy,,,Anchovy,,,Supporter24,CrispyChicken,,,,,,,,Jaskier,,KusinVitamin,Xiao,Anchovy,,,,Moony04,dez2pacito,,Snowflake,,,,
Manama Jeff,Kpmsd,,,,,,ztekzpaden1,,gherkin,,,,,loooh,,_no_one_,Moony04,,CrispyChicken,,,tigerShark,Aiya12,,,,,,Oliver Queen,,,,sentient_polyhedron,,,,,,,,,,,,,,,,,,,gherkin,,,,,,,,,,,
Xiao,,,,,,,RedMouse,,,,,,,Chock,,,XÆA12,,gherkin,,,loooh,KusinVitamin,,,,,,,,,,Rani,,,,,,,,,,,,,,,,,,,,,,,,,,,,,,
Jaskier,,,,,,,_no_one_,,,,,,,sentient_polyhedron,,,,,,,,SuperstitiousOtter,gherkin,,,,,,,,,,ztekzpaden1,,,,,,,,,,,,,,,,,,,,,,,,,,,,,,
sentient_polyhedron,,,,,,,,,,,,,,Rouy Saila,,,,,,,,Chock,XÆA12,,,,,,,,,,KusinVitamin,,,,,,,,,,,,,,,,,,,,,,,,,,,,,,
Rani,,,,,,,,,,,,,,,,,,,,,,ztekzpaden1,,,,,,,,,,,,,,,,,,,,,,,,,,,,,,,,,,,,,,,,,
Supporter24,,,,,,,,,,,,,,,,,,,,,,XÆA12,,,,,,,,,,,,,,,,,,,,,,,,,,,,,,,,,,,,,,,,,
Kpmsd,,,,,,,,,,,,,,,,,,,,,,,,,,,,,,,,,,,,,,,,,,,,,,,,,,,,,,,,,,,,,,,
Oliver Queen,,,,,,,,,,,,,,,,,,,,,,,,,,,,,,,,,,,,,,,,,,,,,,,,,,,,,,,,,,,,,,,